{
  "url": "https://automoto.com.lv/",
  "violations": [
    {
      "id": "aria-required-children",
      "impact": "critical",
      "tags": [
        "cat.aria",
        "wcag2a",
        "wcag131",
        "EN-301-549",
        "EN-9.1.3.1"
      ],
      "description": "Ensure elements with an ARIA role that require child roles contain them",
      "help": "Certain ARIA roles must contain particular children",
      "helpUrl": "https://dequeuniversity.com/rules/axe/4.10/aria-required-children?application=playwright",
      "nodes": [
        {
          "any": [
            {
              "id": "aria-required-children",
              "data": {
                "messageKey": "unallowed",
                "values": "a[tabindex]"
              },
              "relatedNodes": [
                {
                  "html": "<a href=\"https://automoto.com.lv/lv/auto/latvija/audi/5000\" class=\"py-1 text-[#255592] font-medium flex items-end hover:underline\">\n                                    5000\n                                </a>",
                  "target": [
                    ".flex-1.text-nowrap:nth-child(1) > .space-y-1[role=\"list\"] > .items-end.flex.py-1:nth-child(1)"
                  ]
                },
                {
                  "html": "<a href=\"https://automoto.com.lv/lv/auto/latvija/audi/80\" class=\"py-1 text-[#255592] font-medium flex items-end hover:underline\">\n                                    80\n                                </a>",
                  "target": [
                    ".flex-1.text-nowrap:nth-child(1) > .space-y-1[role=\"list\"] > .items-end.flex.py-1:nth-child(2)"
                  ]
                },
                {
                  "html": "<a href=\"https://automoto.com.lv/lv/auto/latvija/audi/a3\" class=\"py-1 text-[#255592] font-medium flex items-end hover:underline\">\n                                    A3\n                                </a>",
                  "target": [
                    ".flex-1.text-nowrap:nth-child(1) > .space-y-1[role=\"list\"] > .items-end.flex.py-1:nth-child(3)"
                  ]
                },
                {
                  "html": "<a href=\"https://automoto.com.lv/lv/auto/latvija/audi/a4\" class=\"py-1 text-[#255592] font-medium flex items-end hover:underline\">\n                                    A4\n                                </a>",
                  "target": [
                    ".flex-1.text-nowrap:nth-child(1) > .space-y-1[role=\"list\"] > .items-end.flex.py-1:nth-child(4)"
                  ]
                },
                {
                  "html": "<a href=\"https://automoto.com.lv/lv/auto/latvija/audi/a4-allroad\" class=\"py-1 text-[#255592] font-medium flex items-end hover:underline\">\n                                    A4 Allroad\n                                </a>",
                  "target": [
                    ".flex-1.text-nowrap:nth-child(1) > .space-y-1[role=\"list\"] > .items-end.flex.py-1:nth-child(5)"
                  ]
                },
                {
                  "html": "<a href=\"https://automoto.com.lv/lv/auto/latvija/audi/a5\" class=\"py-1 text-[#255592] font-medium flex items-end hover:underline\">\n                                    A5\n                                </a>",
                  "target": [
                    ".flex-1.text-nowrap:nth-child(1) > .space-y-1[role=\"list\"] > .items-end.flex.py-1:nth-child(6)"
                  ]
                },
                {
                  "html": "<a href=\"https://automoto.com.lv/lv/auto/latvija/audi/a6\" class=\"py-1 text-[#255592] font-medium flex items-end hover:underline\">\n                                    A6\n                                </a>",
                  "target": [
                    ".flex-1.text-nowrap:nth-child(1) > .space-y-1[role=\"list\"] > .items-end.flex.py-1:nth-child(7)"
                  ]
                },
                {
                  "html": "<a href=\"https://automoto.com.lv/lv/auto/latvija/audi/a6-allroad\" class=\"py-1 text-[#255592] font-medium flex items-end hover:underline\">\n                                    A6 Allroad\n                                </a>",
                  "target": [
                    ".flex-1.text-nowrap:nth-child(1) > .space-y-1[role=\"list\"] > .items-end.flex.py-1:nth-child(8)"
                  ]
                },
                {
                  "html": "<a href=\"https://automoto.com.lv/lv/auto/latvija/audi/a7-sportback\" class=\"py-1 text-[#255592] font-medium flex items-end hover:underline\">\n                                    A7 Sportback\n                                </a>",
                  "target": [
                    ".flex-1.text-nowrap:nth-child(1) > .space-y-1[role=\"list\"] > .items-end.flex.py-1:nth-child(9)"
                  ]
                },
                {
                  "html": "<a href=\"https://automoto.com.lv/lv/auto/latvija/audi/a8\" class=\"py-1 text-[#255592] font-medium flex items-end hover:underline\">\n                                    A8\n                                </a>",
                  "target": [
                    ".flex-1.text-nowrap:nth-child(1) > .space-y-1[role=\"list\"] > .items-end.flex.py-1:nth-child(10)"
                  ]
                }
              ],
              "impact": "critical",
              "message": "Element has children which are not allowed: a[tabindex]"
            }
          ],
          "all": [],
          "none": [],
          "impact": "critical",
          "html": "<ul role=\"list\" class=\"space-y-1\">",
          "target": [
            ".flex-1.text-nowrap:nth-child(1) > .space-y-1[role=\"list\"]"
          ],
          "failureSummary": "Fix any of the following:\n  Element has children which are not allowed: a[tabindex]"
        },
        {
          "any": [
            {
              "id": "aria-required-children",
              "data": {
                "messageKey": "unallowed",
                "values": "a[tabindex]"
              },
              "relatedNodes": [
                {
                  "html": "<a href=\"https://automoto.com.lv/lv/auto/latvija/bmw/2-series-active-tourer\" class=\"py-1 text-[#255592] font-medium flex items-end hover:underline\">\n                                    2 Series Active Tourer\n                                </a>",
                  "target": [
                    ".flex-1.text-nowrap:nth-child(2) > .space-y-1[role=\"list\"] > .items-end.flex.py-1:nth-child(1)"
                  ]
                },
                {
                  "html": "<a href=\"https://automoto.com.lv/lv/auto/latvija/bmw/i3\" class=\"py-1 text-[#255592] font-medium flex items-end hover:underline\">\n                                    I3\n                                </a>",
                  "target": [
                    ".flex-1.text-nowrap:nth-child(2) > .space-y-1[role=\"list\"] > .items-end.flex.py-1:nth-child(2)"
                  ]
                },
                {
                  "html": "<a href=\"https://automoto.com.lv/lv/auto/latvija/bmw/ix\" class=\"py-1 text-[#255592] font-medium flex items-end hover:underline\">\n                                    iX\n                                </a>",
                  "target": [
                    ".flex-1.text-nowrap:nth-child(2) > .space-y-1[role=\"list\"] > .items-end.flex.py-1:nth-child(3)"
                  ]
                },
                {
                  "html": "<a href=\"https://automoto.com.lv/lv/auto/latvija/bmw/m3\" class=\"py-1 text-[#255592] font-medium flex items-end hover:underline\">\n                                    M3\n                                </a>",
                  "target": [
                    ".flex-1.text-nowrap:nth-child(2) > .space-y-1[role=\"list\"] > .items-end.flex.py-1:nth-child(4)"
                  ]
                },
                {
                  "html": "<a href=\"https://automoto.com.lv/lv/auto/latvija/bmw/m4\" class=\"py-1 text-[#255592] font-medium flex items-end hover:underline\">\n                                    M4\n                                </a>",
                  "target": [
                    ".flex-1.text-nowrap:nth-child(2) > .space-y-1[role=\"list\"] > .items-end.flex.py-1:nth-child(5)"
                  ]
                },
                {
                  "html": "<a href=\"https://automoto.com.lv/lv/auto/latvija/bmw/m5\" class=\"py-1 text-[#255592] font-medium flex items-end hover:underline\">\n                                    M5\n                                </a>",
                  "target": [
                    ".flex-1.text-nowrap:nth-child(2) > .space-y-1[role=\"list\"] > .items-end.flex.py-1:nth-child(6)"
                  ]
                },
                {
                  "html": "<a href=\"https://automoto.com.lv/lv/auto/latvija/bmw/x1\" class=\"py-1 text-[#255592] font-medium flex items-end hover:underline\">\n                                    X1\n                                </a>",
                  "target": [
                    ".flex-1.text-nowrap:nth-child(2) > .space-y-1[role=\"list\"] > .items-end.flex.py-1:nth-child(7)"
                  ]
                },
                {
                  "html": "<a href=\"https://automoto.com.lv/lv/auto/latvija/bmw/x4\" class=\"py-1 text-[#255592] font-medium flex items-end hover:underline\">\n                                    X4\n                                </a>",
                  "target": [
                    ".flex-1.text-nowrap:nth-child(2) > .space-y-1[role=\"list\"] > .items-end.flex.py-1:nth-child(8)"
                  ]
                },
                {
                  "html": "<a href=\"https://automoto.com.lv/lv/auto/latvija/bmw/x5\" class=\"py-1 text-[#255592] font-medium flex items-end hover:underline\">\n                                    X5\n                                </a>",
                  "target": [
                    ".flex-1.text-nowrap:nth-child(2) > .space-y-1[role=\"list\"] > .items-end.flex.py-1:nth-child(9)"
                  ]
                },
                {
                  "html": "<a href=\"https://automoto.com.lv/lv/auto/latvija/bmw/x7\" class=\"py-1 text-[#255592] font-medium flex items-end hover:underline\">\n                                    X7\n                                </a>",
                  "target": [
                    ".flex-1.text-nowrap:nth-child(2) > .space-y-1[role=\"list\"] > .items-end.flex.py-1:nth-child(10)"
                  ]
                }
              ],
              "impact": "critical",
              "message": "Element has children which are not allowed: a[tabindex]"
            }
          ],
          "all": [],
          "none": [],
          "impact": "critical",
          "html": "<ul role=\"list\" class=\"space-y-1\">",
          "target": [
            ".flex-1.text-nowrap:nth-child(2) > .space-y-1[role=\"list\"]"
          ],
          "failureSummary": "Fix any of the following:\n  Element has children which are not allowed: a[tabindex]"
        },
        {
          "any": [
            {
              "id": "aria-required-children",
              "data": {
                "messageKey": "unallowed",
                "values": "a[tabindex]"
              },
              "relatedNodes": [
                {
                  "html": "<a href=\"https://automoto.com.lv/lv/auto/latvija/mercedes-benz/190\" class=\"py-1 text-[#255592] font-medium flex items-end hover:underline\">\n                                    190\n                                </a>",
                  "target": [
                    ".flex-1.text-nowrap:nth-child(3) > .space-y-1[role=\"list\"] > .items-end.flex.py-1:nth-child(1)"
                  ]
                },
                {
                  "html": "<a href=\"https://automoto.com.lv/lv/auto/latvija/mercedes-benz/c-class\" class=\"py-1 text-[#255592] font-medium flex items-end hover:underline\">\n                                    C-Class\n                                </a>",
                  "target": [
                    ".flex-1.text-nowrap:nth-child(3) > .space-y-1[role=\"list\"] > .items-end.flex.py-1:nth-child(2)"
                  ]
                },
                {
                  "html": "<a href=\"https://automoto.com.lv/lv/auto/latvija/mercedes-benz/e-class\" class=\"py-1 text-[#255592] font-medium flex items-end hover:underline\">\n                                    E-Class\n                                </a>",
                  "target": [
                    ".flex-1.text-nowrap:nth-child(3) > .space-y-1[role=\"list\"] > .items-end.flex.py-1:nth-child(3)"
                  ]
                },
                {
                  "html": "<a href=\"https://automoto.com.lv/lv/auto/latvija/mercedes-benz/eqs\" class=\"py-1 text-[#255592] font-medium flex items-end hover:underline\">\n                                    EQS\n                                </a>",
                  "target": [
                    ".flex-1.text-nowrap:nth-child(3) > .space-y-1[role=\"list\"] > .items-end.flex.py-1:nth-child(4)"
                  ]
                },
                {
                  "html": "<a href=\"https://automoto.com.lv/lv/auto/latvija/mercedes-benz/eqs-450\" class=\"py-1 text-[#255592] font-medium flex items-end hover:underline\">\n                                    EQS 450\n                                </a>",
                  "target": [
                    ".flex-1.text-nowrap:nth-child(3) > .space-y-1[role=\"list\"] > .items-end.flex.py-1:nth-child(5)"
                  ]
                },
                {
                  "html": "<a href=\"https://automoto.com.lv/lv/auto/latvija/mercedes-benz/gle-class\" class=\"py-1 text-[#255592] font-medium flex items-end hover:underline\">\n                                    GLE-Class\n                                </a>",
                  "target": [
                    ".flex-1.text-nowrap:nth-child(3) > .space-y-1[role=\"list\"] > .items-end.flex.py-1:nth-child(6)"
                  ]
                },
                {
                  "html": "<a href=\"https://automoto.com.lv/lv/auto/latvija/mercedes-benz/m-class\" class=\"py-1 text-[#255592] font-medium flex items-end hover:underline\">\n                                    M-Class\n                                </a>",
                  "target": [
                    ".flex-1.text-nowrap:nth-child(3) > .space-y-1[role=\"list\"] > .items-end.flex.py-1:nth-child(7)"
                  ]
                },
                {
                  "html": "<a href=\"https://automoto.com.lv/lv/auto/latvija/mercedes-benz/v-class\" class=\"py-1 text-[#255592] font-medium flex items-end hover:underline\">\n                                    V-Class\n                                </a>",
                  "target": [
                    ".flex-1.text-nowrap:nth-child(3) > .space-y-1[role=\"list\"] > .items-end.flex.py-1:nth-child(8)"
                  ]
                },
                {
                  "html": "<a href=\"https://automoto.com.lv/lv/auto/latvija/mercedes-benz/viano\" class=\"py-1 text-[#255592] font-medium flex items-end hover:underline\">\n                                    Viano\n                                </a>",
                  "target": [
                    ".flex-1.text-nowrap:nth-child(3) > .space-y-1[role=\"list\"] > .items-end.flex.py-1:nth-child(9)"
                  ]
                }
              ],
              "impact": "critical",
              "message": "Element has children which are not allowed: a[tabindex]"
            }
          ],
          "all": [],
          "none": [],
          "impact": "critical",
          "html": "<ul role=\"list\" class=\"space-y-1\">",
          "target": [
            ".flex-1.text-nowrap:nth-child(3) > .space-y-1[role=\"list\"]"
          ],
          "failureSummary": "Fix any of the following:\n  Element has children which are not allowed: a[tabindex]"
        },
        {
          "any": [
            {
              "id": "aria-required-children",
              "data": {
                "messageKey": "unallowed",
                "values": "a[tabindex]"
              },
              "relatedNodes": [
                {
                  "html": "<a href=\"https://automoto.com.lv/lv/auto/latvija/volkswagen/amarok\" class=\"py-1 text-[#255592] font-medium flex items-end hover:underline\">\n                                    Amarok\n                                </a>",
                  "target": [
                    ".flex-1.text-nowrap:nth-child(4) > .space-y-1[role=\"list\"] > .items-end.flex.py-1:nth-child(1)"
                  ]
                },
                {
                  "html": "<a href=\"https://automoto.com.lv/lv/auto/latvija/volkswagen/arteon\" class=\"py-1 text-[#255592] font-medium flex items-end hover:underline\">\n                                    Arteon\n                                </a>",
                  "target": [
                    ".flex-1.text-nowrap:nth-child(4) > .space-y-1[role=\"list\"] > .items-end.flex.py-1:nth-child(2)"
                  ]
                },
                {
                  "html": "<a href=\"https://automoto.com.lv/lv/auto/latvija/volkswagen/atlas\" class=\"py-1 text-[#255592] font-medium flex items-end hover:underline\">\n                                    Atlas\n                                </a>",
                  "target": [
                    ".flex-1.text-nowrap:nth-child(4) > .space-y-1[role=\"list\"] > .items-end.flex.py-1:nth-child(3)"
                  ]
                },
                {
                  "html": "<a href=\"https://automoto.com.lv/lv/auto/latvija/volkswagen/caravelle\" class=\"py-1 text-[#255592] font-medium flex items-end hover:underline\">\n                                    Caravelle\n                                </a>",
                  "target": [
                    ".flex-1.text-nowrap:nth-child(4) > .space-y-1[role=\"list\"] > .items-end.flex.py-1:nth-child(4)"
                  ]
                },
                {
                  "html": "<a href=\"https://automoto.com.lv/lv/auto/latvija/volkswagen/golf\" class=\"py-1 text-[#255592] font-medium flex items-end hover:underline\">\n                                    Golf\n                                </a>",
                  "target": [
                    ".flex-1.text-nowrap:nth-child(4) > .space-y-1[role=\"list\"] > .items-end.flex.py-1:nth-child(5)"
                  ]
                },
                {
                  "html": "<a href=\"https://automoto.com.lv/lv/auto/latvija/volkswagen/jetta\" class=\"py-1 text-[#255592] font-medium flex items-end hover:underline\">\n                                    Jetta\n                                </a>",
                  "target": [
                    ".flex-1.text-nowrap:nth-child(4) > .space-y-1[role=\"list\"] > .items-end.flex.py-1:nth-child(6)"
                  ]
                },
                {
                  "html": "<a href=\"https://automoto.com.lv/lv/auto/latvija/volkswagen/passat\" class=\"py-1 text-[#255592] font-medium flex items-end hover:underline\">\n                                    Passat\n                                </a>",
                  "target": [
                    ".flex-1.text-nowrap:nth-child(4) > .space-y-1[role=\"list\"] > .items-end.flex.py-1:nth-child(7)"
                  ]
                },
                {
                  "html": "<a href=\"https://automoto.com.lv/lv/auto/latvija/volkswagen/polo\" class=\"py-1 text-[#255592] font-medium flex items-end hover:underline\">\n                                    Polo\n                                </a>",
                  "target": [
                    ".flex-1.text-nowrap:nth-child(4) > .space-y-1[role=\"list\"] > .items-end.flex.py-1:nth-child(8)"
                  ]
                },
                {
                  "html": "<a href=\"https://automoto.com.lv/lv/auto/latvija/volkswagen/tiguan\" class=\"py-1 text-[#255592] font-medium flex items-end hover:underline\">\n                                    Tiguan\n                                </a>",
                  "target": [
                    ".flex-1.text-nowrap:nth-child(4) > .space-y-1[role=\"list\"] > .items-end.flex.py-1:nth-child(9)"
                  ]
                },
                {
                  "html": "<a href=\"https://automoto.com.lv/lv/auto/latvija/volkswagen/touareg\" class=\"py-1 text-[#255592] font-medium flex items-end hover:underline\">\n                                    Touareg\n                                </a>",
                  "target": [
                    ".flex-1.text-nowrap:nth-child(4) > .space-y-1[role=\"list\"] > .items-end.flex.py-1:nth-child(10)"
                  ]
                }
              ],
              "impact": "critical",
              "message": "Element has children which are not allowed: a[tabindex]"
            }
          ],
          "all": [],
          "none": [],
          "impact": "critical",
          "html": "<ul role=\"list\" class=\"space-y-1\">",
          "target": [
            ".flex-1.text-nowrap:nth-child(4) > .space-y-1[role=\"list\"]"
          ],
          "failureSummary": "Fix any of the following:\n  Element has children which are not allowed: a[tabindex]"
        }
      ]
    },
    {
      "id": "meta-viewport",
      "impact": "critical",
      "tags": [
        "cat.sensory-and-visual-cues",
        "wcag2aa",
        "wcag144",
        "EN-301-549",
        "EN-9.1.4.4",
        "ACT"
      ],
      "description": "Ensure <meta name=\"viewport\"> does not disable text scaling and zooming",
      "help": "Zooming and scaling must not be disabled",
      "helpUrl": "https://dequeuniversity.com/rules/axe/4.10/meta-viewport?application=playwright",
      "nodes": [
        {
          "any": [
            {
              "id": "meta-viewport",
              "data": "maximum-scale",
              "relatedNodes": [],
              "impact": "critical",
              "message": "maximum-scale on <meta> tag disables zooming on mobile devices"
            }
          ],
          "all": [],
          "none": [],
          "impact": "critical",
          "html": "<meta name=\"viewport\" content=\"width=device-width, initial-scale=1.0, maximum-scale=1\">",
          "target": [
            "meta[name=\"viewport\"]"
          ],
          "failureSummary": "Fix any of the following:\n  maximum-scale on <meta> tag disables zooming on mobile devices"
        }
      ]
    },
    {
      "id": "select-name",
      "impact": "critical",
      "tags": [
        "cat.forms",
        "wcag2a",
        "wcag412",
        "section508",
        "section508.22.n",
        "TTv5",
        "TT5.c",
        "EN-301-549",
        "EN-9.4.1.2",
        "ACT"
      ],
      "description": "Ensure select element has an accessible name",
      "help": "Select element must have an accessible name",
      "helpUrl": "https://dequeuniversity.com/rules/axe/4.10/select-name?application=playwright",
      "nodes": [
        {
          "any": [
            {
              "id": "implicit-label",
              "data": null,
              "relatedNodes": [],
              "impact": "critical",
              "message": "Element does not have an implicit (wrapped) <label>"
            },
            {
              "id": "explicit-label",
              "data": null,
              "relatedNodes": [],
              "impact": "critical",
              "message": "Element does not have an explicit <label>"
            },
            {
              "id": "aria-label",
              "data": null,
              "relatedNodes": [],
              "impact": "critical",
              "message": "aria-label attribute does not exist or is empty"
            },
            {
              "id": "aria-labelledby",
              "data": null,
              "relatedNodes": [],
              "impact": "critical",
              "message": "aria-labelledby attribute does not exist, references elements that do not exist or references elements that are empty"
            },
            {
              "id": "non-empty-title",
              "data": {
                "messageKey": "noAttr"
              },
              "relatedNodes": [],
              "impact": "critical",
              "message": "Element has no title attribute"
            },
            {
              "id": "presentational-role",
              "data": null,
              "relatedNodes": [],
              "impact": "critical",
              "message": "Element's default semantics were not overridden with role=\"none\" or role=\"presentation\""
            }
          ],
          "all": [],
          "none": [],
          "impact": "critical",
          "html": "<select wire:model.live=\"category\" id=\"autoTypeCar\" name=\"filter[category]\" class=\"col-start-1 row-start-1 appearance-none border border-[#CED4DA] hover:border-[#255592]\n                             focus:border-[#255592] rounded-md focus:outline-hidden block w-full leading-tight py-3 px-5\n                             invalid:text-[#666666] *:text-[#252525]\">",
          "target": [
            "#autoTypeCar"
          ],
          "failureSummary": "Fix any of the following:\n  Element does not have an implicit (wrapped) <label>\n  Element does not have an explicit <label>\n  aria-label attribute does not exist or is empty\n  aria-labelledby attribute does not exist, references elements that do not exist or references elements that are empty\n  Element has no title attribute\n  Element's default semantics were not overridden with role=\"none\" or role=\"presentation\""
        },
        {
          "any": [
            {
              "id": "implicit-label",
              "data": null,
              "relatedNodes": [],
              "impact": "critical",
              "message": "Element does not have an implicit (wrapped) <label>"
            },
            {
              "id": "explicit-label",
              "data": null,
              "relatedNodes": [],
              "impact": "critical",
              "message": "Element does not have an explicit <label>"
            },
            {
              "id": "aria-label",
              "data": null,
              "relatedNodes": [],
              "impact": "critical",
              "message": "aria-label attribute does not exist or is empty"
            },
            {
              "id": "aria-labelledby",
              "data": null,
              "relatedNodes": [],
              "impact": "critical",
              "message": "aria-labelledby attribute does not exist, references elements that do not exist or references elements that are empty"
            },
            {
              "id": "non-empty-title",
              "data": {
                "messageKey": "noAttr"
              },
              "relatedNodes": [],
              "impact": "critical",
              "message": "Element has no title attribute"
            },
            {
              "id": "presentational-role",
              "data": null,
              "relatedNodes": [],
              "impact": "critical",
              "message": "Element's default semantics were not overridden with role=\"none\" or role=\"presentation\""
            }
          ],
          "all": [],
          "none": [],
          "impact": "critical",
          "html": "<select wire:model.live=\"mark\" id=\"mark\" name=\"filter[mark]\" class=\"col-start-1 row-start-1 appearance-none border border-[#CED4DA] hover:border-[#255592] focus:border-[#255592] rounded-md focus:outline-hidden block w-full leading-tight py-3 px-5\">",
          "target": [
            "#mark"
          ],
          "failureSummary": "Fix any of the following:\n  Element does not have an implicit (wrapped) <label>\n  Element does not have an explicit <label>\n  aria-label attribute does not exist or is empty\n  aria-labelledby attribute does not exist, references elements that do not exist or references elements that are empty\n  Element has no title attribute\n  Element's default semantics were not overridden with role=\"none\" or role=\"presentation\""
        },
        {
          "any": [
            {
              "id": "implicit-label",
              "data": null,
              "relatedNodes": [],
              "impact": "critical",
              "message": "Element does not have an implicit (wrapped) <label>"
            },
            {
              "id": "explicit-label",
              "data": null,
              "relatedNodes": [],
              "impact": "critical",
              "message": "Element does not have an explicit <label>"
            },
            {
              "id": "aria-label",
              "data": null,
              "relatedNodes": [],
              "impact": "critical",
              "message": "aria-label attribute does not exist or is empty"
            },
            {
              "id": "aria-labelledby",
              "data": null,
              "relatedNodes": [],
              "impact": "critical",
              "message": "aria-labelledby attribute does not exist, references elements that do not exist or references elements that are empty"
            },
            {
              "id": "non-empty-title",
              "data": {
                "messageKey": "noAttr"
              },
              "relatedNodes": [],
              "impact": "critical",
              "message": "Element has no title attribute"
            },
            {
              "id": "presentational-role",
              "data": null,
              "relatedNodes": [],
              "impact": "critical",
              "message": "Element's default semantics were not overridden with role=\"none\" or role=\"presentation\""
            }
          ],
          "all": [],
          "none": [],
          "impact": "critical",
          "html": "<select wire:model.live=\"model\" id=\"model\" name=\"filter[model]\" class=\"col-start-1 row-start-1 appearance-none border border-[#CED4DA] hover:border-[#255592] focus:border-[#255592] rounded-md focus:outline-hidden block w-full leading-tight py-3 px-5\">",
          "target": [
            "#model"
          ],
          "failureSummary": "Fix any of the following:\n  Element does not have an implicit (wrapped) <label>\n  Element does not have an explicit <label>\n  aria-label attribute does not exist or is empty\n  aria-labelledby attribute does not exist, references elements that do not exist or references elements that are empty\n  Element has no title attribute\n  Element's default semantics were not overridden with role=\"none\" or role=\"presentation\""
        },
        {
          "any": [
            {
              "id": "implicit-label",
              "data": null,
              "relatedNodes": [],
              "impact": "critical",
              "message": "Element does not have an implicit (wrapped) <label>"
            },
            {
              "id": "explicit-label",
              "data": null,
              "relatedNodes": [],
              "impact": "critical",
              "message": "Element does not have an explicit <label>"
            },
            {
              "id": "aria-label",
              "data": null,
              "relatedNodes": [],
              "impact": "critical",
              "message": "aria-label attribute does not exist or is empty"
            },
            {
              "id": "aria-labelledby",
              "data": null,
              "relatedNodes": [],
              "impact": "critical",
              "message": "aria-labelledby attribute does not exist, references elements that do not exist or references elements that are empty"
            },
            {
              "id": "non-empty-title",
              "data": {
                "messageKey": "noAttr"
              },
              "relatedNodes": [],
              "impact": "critical",
              "message": "Element has no title attribute"
            },
            {
              "id": "presentational-role",
              "data": null,
              "relatedNodes": [],
              "impact": "critical",
              "message": "Element's default semantics were not overridden with role=\"none\" or role=\"presentation\""
            }
          ],
          "all": [],
          "none": [],
          "impact": "critical",
          "html": "<select wire:model.live=\"gearBox\" id=\"gearBox\" name=\"filter[gearBox]\" class=\"col-start-1 row-start-1 appearance-none border border-[#CED4DA] hover:border-[#255592] focus:border-[#255592] rounded-md focus:outline-hidden block w-full leading-tight py-3 px-5\">",
          "target": [
            "#gearBox"
          ],
          "failureSummary": "Fix any of the following:\n  Element does not have an implicit (wrapped) <label>\n  Element does not have an explicit <label>\n  aria-label attribute does not exist or is empty\n  aria-labelledby attribute does not exist, references elements that do not exist or references elements that are empty\n  Element has no title attribute\n  Element's default semantics were not overridden with role=\"none\" or role=\"presentation\""
        },
        {
          "any": [
            {
              "id": "implicit-label",
              "data": null,
              "relatedNodes": [],
              "impact": "critical",
              "message": "Element does not have an implicit (wrapped) <label>"
            },
            {
              "id": "explicit-label",
              "data": null,
              "relatedNodes": [],
              "impact": "critical",
              "message": "Element does not have an explicit <label>"
            },
            {
              "id": "aria-label",
              "data": null,
              "relatedNodes": [],
              "impact": "critical",
              "message": "aria-label attribute does not exist or is empty"
            },
            {
              "id": "aria-labelledby",
              "data": null,
              "relatedNodes": [],
              "impact": "critical",
              "message": "aria-labelledby attribute does not exist, references elements that do not exist or references elements that are empty"
            },
            {
              "id": "non-empty-title",
              "data": {
                "messageKey": "noAttr"
              },
              "relatedNodes": [],
              "impact": "critical",
              "message": "Element has no title attribute"
            },
            {
              "id": "presentational-role",
              "data": null,
              "relatedNodes": [],
              "impact": "critical",
              "message": "Element's default semantics were not overridden with role=\"none\" or role=\"presentation\""
            }
          ],
          "all": [],
          "none": [],
          "impact": "critical",
          "html": "<select wire:model.live=\"yearTo\" id=\"yearTo\" name=\"filter[yearTo]\" class=\"col-start-1 row-start-1 appearance-none border border-[#CED4DA] hover:border-[#255592] focus:border-[#255592] rounded-md focus:outline-hidden block w-full leading-tight py-3 px-5\">",
          "target": [
            "#yearTo"
          ],
          "failureSummary": "Fix any of the following:\n  Element does not have an implicit (wrapped) <label>\n  Element does not have an explicit <label>\n  aria-label attribute does not exist or is empty\n  aria-labelledby attribute does not exist, references elements that do not exist or references elements that are empty\n  Element has no title attribute\n  Element's default semantics were not overridden with role=\"none\" or role=\"presentation\""
        },
        {
          "any": [
            {
              "id": "implicit-label",
              "data": null,
              "relatedNodes": [],
              "impact": "critical",
              "message": "Element does not have an implicit (wrapped) <label>"
            },
            {
              "id": "explicit-label",
              "data": null,
              "relatedNodes": [],
              "impact": "critical",
              "message": "Element does not have an explicit <label>"
            },
            {
              "id": "aria-label",
              "data": null,
              "relatedNodes": [],
              "impact": "critical",
              "message": "aria-label attribute does not exist or is empty"
            },
            {
              "id": "aria-labelledby",
              "data": null,
              "relatedNodes": [],
              "impact": "critical",
              "message": "aria-labelledby attribute does not exist, references elements that do not exist or references elements that are empty"
            },
            {
              "id": "non-empty-title",
              "data": {
                "messageKey": "noAttr"
              },
              "relatedNodes": [],
              "impact": "critical",
              "message": "Element has no title attribute"
            },
            {
              "id": "presentational-role",
              "data": null,
              "relatedNodes": [],
              "impact": "critical",
              "message": "Element's default semantics were not overridden with role=\"none\" or role=\"presentation\""
            }
          ],
          "all": [],
          "none": [],
          "impact": "critical",
          "html": "<select wire:model.live=\"priceTo\" id=\"priceTo\" name=\"filter[priceTo]\" class=\"col-start-1 row-start-1 appearance-none border border-[#CED4DA] hover:border-[#255592] focus:border-[#255592] rounded-md focus:outline-hidden block w-full leading-tight py-3 px-5\">",
          "target": [
            "#priceTo"
          ],
          "failureSummary": "Fix any of the following:\n  Element does not have an implicit (wrapped) <label>\n  Element does not have an explicit <label>\n  aria-label attribute does not exist or is empty\n  aria-labelledby attribute does not exist, references elements that do not exist or references elements that are empty\n  Element has no title attribute\n  Element's default semantics were not overridden with role=\"none\" or role=\"presentation\""
        },
        {
          "any": [
            {
              "id": "implicit-label",
              "data": null,
              "relatedNodes": [],
              "impact": "critical",
              "message": "Element does not have an implicit (wrapped) <label>"
            },
            {
              "id": "explicit-label",
              "data": null,
              "relatedNodes": [],
              "impact": "critical",
              "message": "Element does not have an explicit <label>"
            },
            {
              "id": "aria-label",
              "data": null,
              "relatedNodes": [],
              "impact": "critical",
              "message": "aria-label attribute does not exist or is empty"
            },
            {
              "id": "aria-labelledby",
              "data": null,
              "relatedNodes": [],
              "impact": "critical",
              "message": "aria-labelledby attribute does not exist, references elements that do not exist or references elements that are empty"
            },
            {
              "id": "non-empty-title",
              "data": {
                "messageKey": "noAttr"
              },
              "relatedNodes": [],
              "impact": "critical",
              "message": "Element has no title attribute"
            },
            {
              "id": "presentational-role",
              "data": null,
              "relatedNodes": [],
              "impact": "critical",
              "message": "Element's default semantics were not overridden with role=\"none\" or role=\"presentation\""
            }
          ],
          "all": [],
          "none": [],
          "impact": "critical",
          "html": "<select wire:model.live=\"region\" id=\"region\" name=\"filter[region]\" class=\"col-start-1 row-start-1 appearance-none border border-[#CED4DA] hover:border-[#255592] focus:border-[#255592] rounded-md focus:outline-hidden block w-full leading-tight py-3 px-5\">",
          "target": [
            "#region"
          ],
          "failureSummary": "Fix any of the following:\n  Element does not have an implicit (wrapped) <label>\n  Element does not have an explicit <label>\n  aria-label attribute does not exist or is empty\n  aria-labelledby attribute does not exist, references elements that do not exist or references elements that are empty\n  Element has no title attribute\n  Element's default semantics were not overridden with role=\"none\" or role=\"presentation\""
        }
      ]
    }
  ]
}